{
  "centroids": [
    [
      0.24046041911050242,
      0.025028745988110446,
      0.6123195472873451,
      0.40279686344238574,
      0.8631416355957366,
      0.33345208103241397,
      0.6980179823491321,
      0.7019628679262735,
      0.22790947340193668,
      0.09884626448576483
    ],
    [
      0.4514706509767057,
      0.591694234708662,
      0.8703679117512413,
      0.6360558175902236,
      0.5538846188278257,
      0.6567696962701217,
      0.8468624340066937,
      0.7737301248032782,
      0.43389766746839453,
      0.2870594116323759
    ],
    [
      0.5836113332930877,
      0.32841009275936695,
      0.09018478839990562,
      0.36999870731400364,
      0.988649571646208,
      0.9772327363236999,
      0.2831868302548832,
      0.000766956434918864,
      0.3542640297628592,
      0.5734498241490193
    ],
    [
      0.4238791042001031,
      0.41938001898744504,
      0.8502107702520345,
      0.087274151237271,
      0.5571738785700229,
      0.6805217521096834,
      0.29260008523778214,
      0.31665524363297703,
      0.7537015504296951,
      0.49083136593540466
    ],
    [
      0.36037527075013354,
      0.19637716730952692,
      0.8826963379908643,
      0.8723094523636572,
      0.09038545637361195,
      0.6669897301246601,
      0.932043114223069,
      0.029716284827207895,
      0.47606939862958697,
      0.24637702169727116
    ]
  ],
  "featureWeights": [
    0.1,
    0.1,
    0.1,
    0.1,
    0.1,
    0.1,
    0.1,
    0.1,
    0.1,
    0.1
  ],
  "variances": [
    [
      0.1,
      0.1,
      0.1,
      0.1,
      0.1,
      0.1,
      0.1,
      0.1,
      0.1,
      0.1
    ],
    [
      0.1,
      0.1,
      0.1,
      0.1,
      0.1,
      0.1,
      0.1,
      0.1,
      0.1,
      0.1
    ],
    [
      0.1,
      0.1,
      0.1,
      0.1,
      0.1,
      0.1,
      0.1,
      0.1,
      0.1,
      0.1
    ],
    [
      0.1,
      0.1,
      0.1,
      0.1,
      0.1,
      0.1,
      0.1,
      0.1,
      0.1,
      0.1
    ],
    [
      0.1,
      0.1,
      0.1,
      0.1,
      0.1,
      0.1,
      0.1,
      0.1,
      0.1,
      0.1
    ]
  ],
  "totalPoints": 0,
  "outliers": []
}